{
	"groups":[
		{
			"keys":"login_input_bg_png,login_submit_png,list_title_png,btn_continue_png,btn_pay_png,check_no_png,check_ok_png,btn_return_png,btn_complete_png,select_list_title_png,btn_down_png,btn_send_png,email_bg_png,tips_bg_png,select_bg_down_png,btn_detail_png,btn_close_png,btn_duihuan_png,btn_share_png,address_png,btn_submit_png,btn_buy_gift_png,btn_buy_send_png,btn_less_png,btn_add_png,btn_addless_bg_png,btn_duihuan_1_png,btn_share_1_png,btn_get_png,num_bg_png,btn_buy_card_png,btn_wuliu_png,btn_select_info_png,btn_help_png,btn_logout_png,btn_pay_1_png,down_bg_png,confim_order_title_png,detail_title_png,tips_error_png,btn_info_png,btn_change_close_png,personal_tips_png,btn_duihuan_2_png,btn_share_2_png,p_line_1_png,select_sale_6.0_png,select_sale_6.5_png,select_sale_7.0_png,mail_item_2_png,mail_item_3_png,mail_item_4_png,mail_item_1_png,mail_close_png,btn_share_3_png,btn_share_4_png,personal_tips_bg1_png,btn_tips_1_png,personal_tips_bg2_png,card_type_get_png,card_type_out_png,card_type_buy_png,btn_get1_png,p_line_2_png,list_line2_png,btn_select_png,back_png,btn_center_png",
			"name":"preload"
		},
		{
			"keys":"line_2_png,line_1_png,select_down_bg_png,select_tips1_png,btn_select_phone_png,btn_select_sendmail_png,select_title_png,select_down_png,line_3_png",
			"name":"select"
		},
		{
			"keys":"btn_change_close_png,btn_info_png,back_png,btn_continue_png,btn_pay_png,btn_center_png,btn_logout_png,check_ok_png,check_no_png,list_title_png,login_submit_png,login_input_bg_png",
			"name":"main"
		}
	],
	"resources":[
		{
			"name":"login_input_bg_png",
			"type":"image",
			"url":"assets/login/login_input_bg.png"
		},
		{
			"name":"login_submit_png",
			"type":"image",
			"url":"assets/login/login_submit.png"
		},
		{
			"name":"list_title_png",
			"type":"image",
			"url":"assets/login/list_title.png"
		},
		{
			"name":"btn_continue_png",
			"type":"image",
			"url":"assets/login/btn_continue.png"
		},
		{
			"name":"btn_pay_png",
			"type":"image",
			"url":"assets/login/btn_pay.png"
		},
		{
			"name":"check_no_png",
			"type":"image",
			"url":"assets/login/check_no.png"
		},
		{
			"name":"check_ok_png",
			"type":"image",
			"url":"assets/login/check_ok.png"
		},
		{
			"name":"btn_return_png",
			"type":"image",
			"url":"assets/login/btn_return.png"
		},
		{
			"name":"btn_complete_png",
			"type":"image",
			"url":"assets/login/btn_complete.png"
		},
		{
			"name":"select_list_title_png",
			"type":"image",
			"url":"assets/login/select_list_title.png"
		},
		{
			"name":"btn_down_png",
			"type":"image",
			"url":"assets/login/btn_down.png"
		},
		{
			"name":"btn_send_png",
			"type":"image",
			"url":"assets/login/btn_send.png"
		},
		{
			"name":"email_bg_png",
			"type":"image",
			"url":"assets/login/email_bg.png"
		},
		{
			"name":"tips_bg_png",
			"type":"image",
			"url":"assets/login/tips_bg.png"
		},
		{
			"name":"select_bg_down_png",
			"type":"image",
			"url":"assets/login/select_bg_down.png"
		},
		{
			"name":"btn_detail_png",
			"type":"image",
			"url":"assets/login/btn_detail.png"
		},
		{
			"name":"btn_close_png",
			"type":"image",
			"url":"assets/login/btn_close.png"
		},
		{
			"name":"btn_duihuan_png",
			"type":"image",
			"url":"assets/login/personal/btn_duihuan.png"
		},
		{
			"name":"btn_share_png",
			"type":"image",
			"url":"assets/login/personal/btn_share.png"
		},
		{
			"name":"btn_submit_png",
			"type":"image",
			"url":"assets/login/personal/btn_submit.png"
		},
		{
			"name":"address_png",
			"type":"image",
			"url":"assets/login/personal/address.png"
		},
		{
			"name":"btn_buy_gift_png",
			"type":"image",
			"url":"assets/login/personal/btn_buy_gift.png"
		},
		{
			"name":"btn_buy_send_png",
			"type":"image",
			"url":"assets/login/personal/btn_buy_send.png"
		},
		{
			"name":"btn_less_png",
			"type":"image",
			"url":"assets/login/personal/btn_less.png"
		},
		{
			"name":"btn_add_png",
			"type":"image",
			"url":"assets/login/personal/btn_add.png"
		},
		{
			"name":"btn_addless_bg_png",
			"type":"image",
			"url":"assets/login/personal/btn_addless_bg.png"
		},
		{
			"name":"btn_duihuan_1_png",
			"type":"image",
			"url":"assets/login/personal/btn_duihuan_1.png"
		},
		{
			"name":"btn_share_1_png",
			"type":"image",
			"url":"assets/login/personal/btn_share_1.png"
		},
		{
			"name":"btn_get_png",
			"type":"image",
			"url":"assets/login/personal/btn_get.png"
		},
		{
			"name":"num_bg_png",
			"type":"image",
			"url":"assets/login/personal/num_bg.png"
		},
		{
			"name":"btn_buy_card_png",
			"type":"image",
			"url":"assets/login/personal/btn_buy_card.png"
		},
		{
			"name":"btn_wuliu_png",
			"type":"image",
			"url":"assets/login/personal/btn_wuliu.png"
		},
		{
			"name":"btn_select_info_png",
			"type":"image",
			"url":"assets/login/personal/btn_select_info.png"
		},
		{
			"name":"btn_help_png",
			"type":"image",
			"url":"assets/login/btn_help.png"
		},
		{
			"name":"btn_logout_png",
			"type":"image",
			"url":"assets/login/btn_logout.png"
		},
		{
			"name":"btn_pay_1_png",
			"type":"image",
			"url":"assets/login/btn_pay_1.png"
		},
		{
			"name":"down_bg_png",
			"type":"image",
			"url":"assets/login/down_bg.png"
		},
		{
			"name":"confim_order_title_png",
			"type":"image",
			"url":"assets/login/confim_order_title.png"
		},
		{
			"name":"detail_title_png",
			"type":"image",
			"url":"assets/login/detail_title.png"
		},
		{
			"name":"tips_error_png",
			"type":"image",
			"url":"assets/login/tips_error.png"
		},
		{
			"name":"btn_info_png",
			"type":"image",
			"url":"assets/login/personal/btn_info.png"
		},
		{
			"name":"btn_change_close_png",
			"type":"image",
			"url":"assets/login/account/btn_change_close.png"
		},
		{
			"name":"line_2_png",
			"type":"image",
			"url":"assets/login/select/line_2.png"
		},
		{
			"name":"line_1_png",
			"type":"image",
			"url":"assets/login/select/line_1.png"
		},
		{
			"name":"select_down_bg_png",
			"type":"image",
			"url":"assets/login/select/select_down_bg.png"
		},
		{
			"name":"select_tips1_png",
			"type":"image",
			"url":"assets/login/select/select_tips1.png"
		},
		{
			"name":"btn_select_phone_png",
			"type":"image",
			"url":"assets/login/select/btn_select_phone.png"
		},
		{
			"name":"btn_select_sendmail_png",
			"type":"image",
			"url":"assets/login/select/btn_select_sendmail.png"
		},
		{
			"name":"select_title_png",
			"type":"image",
			"url":"assets/login/select/select_title.png"
		},
		{
			"name":"select_down_png",
			"type":"image",
			"url":"assets/login/select/select_down.png"
		},
		{
			"name":"line_3_png",
			"type":"image",
			"url":"assets/login/select/line_3.png"
		},
		{
			"name":"personal_tips_png",
			"type":"image",
			"url":"assets/login/personal/personal_tips.png"
		},
		{
			"name":"btn_duihuan_2_png",
			"type":"image",
			"url":"assets/login/personal/btn_duihuan_2.png"
		},
		{
			"name":"btn_share_2_png",
			"type":"image",
			"url":"assets/login/personal/btn_share_2.png"
		},
		{
			"name":"p_line_1_png",
			"type":"image",
			"url":"assets/login/personal/p_line_1.png"
		},
		{
			"name":"select_sale_6.0_png",
			"type":"image",
			"url":"assets/login/select/select_sale_6.0.png"
		},
		{
			"name":"select_sale_6.5_png",
			"type":"image",
			"url":"assets/login/select/select_sale_6.5.png"
		},
		{
			"name":"select_sale_7.0_png",
			"type":"image",
			"url":"assets/login/select/select_sale_7.0.png"
		},
		{
			"name":"mail_item_2_png",
			"type":"image",
			"url":"assets/login/personal/mail_item_2.png"
		},
		{
			"name":"mail_item_3_png",
			"type":"image",
			"url":"assets/login/personal/mail_item_3.png"
		},
		{
			"name":"mail_item_4_png",
			"scale9grid":"1,45,10,274",
			"type":"image",
			"url":"assets/login/personal/mail_item_4.png"
		},
		{
			"name":"mail_item_1_png",
			"type":"image",
			"url":"assets/login/personal/mail_item_1.png"
		},
		{
			"name":"mail_close_png",
			"type":"image",
			"url":"assets/login/personal/mail_close.png"
		},
		{
			"name":"btn_share_3_png",
			"type":"image",
			"url":"assets/login/personal/btn_share_3.png"
		},
		{
			"name":"btn_share_4_png",
			"type":"image",
			"url":"assets/login/personal/btn_share_4.png"
		},
		{
			"name":"personal_tips_bg1_png",
			"type":"image",
			"url":"assets/login/personal/personal_tips_bg1.png"
		},
		{
			"name":"btn_tips_1_png",
			"type":"image",
			"url":"assets/login/personal/btn_tips_1.png"
		},
		{
			"name":"personal_tips_bg2_png",
			"type":"image",
			"url":"assets/login/personal/personal_tips_bg2.png"
		},
		{
			"name":"card_type_get_png",
			"type":"image",
			"url":"assets/login/personal/card_type_get.png"
		},
		{
			"name":"card_type_out_png",
			"type":"image",
			"url":"assets/login/personal/card_type_out.png"
		},
		{
			"name":"card_type_buy_png",
			"type":"image",
			"url":"assets/login/personal/card_type_buy.png"
		},
		{
			"name":"btn_get1_png",
			"type":"image",
			"url":"assets/login/personal/btn_get1.png"
		},
		{
			"name":"p_line_2_png",
			"type":"image",
			"url":"assets/login/personal/p_line_2.png"
		},
		{
			"name":"list_line2_png",
			"type":"image",
			"url":"assets/login/list_line2.png"
		},
		{
			"name":"btn_select_png",
			"type":"image",
			"url":"assets/login/btn_select.png"
		},
		{
			"name":"back_png",
			"type":"image",
			"url":"assets/login/back.png"
		},
		{
			"name":"btn_center_png",
			"type":"image",
			"url":"assets/login/btn_center.png"
		}
	]
}